{
  "B2": {
    "lo": 0.02865000069141388,
    "hi": 0.24719999730587006
  },
  "B3": {
    "lo": 0.054499998688697815,
    "hi": 0.3294000029563904
  },
  "B4": {
    "lo": 0.03280000016093254,
    "hi": 0.41519999504089355
  },
  "B8": {
    "lo": 0.15199999511241913,
    "hi": 0.4752500057220459
  },
  "B11": {
    "lo": 0.13040000200271606,
    "hi": 0.552299976348877
  },
  "B12": {
    "lo": 0.07000000029802322,
    "hi": 0.530750036239624
  },
  "NDVI": {
    "lo": 0.03710088394582271,
    "hi": 0.8407061302661896
  },
  "NDWI": {
    "lo": -0.7522132420539855,
    "hi": -0.11034188374876974
  },
  "MNDWI": {
    "lo": -0.4996702712774277,
    "hi": -0.1045176790654659
  },
  "EVI": {
    "lo": 0.028948253840208053,
    "hi": 0.6465955567359924
  },
  "AWEI_sh": {
    "lo": -2.5172998905181885,
    "hi": -0.4665994715690608
  }
}