{
  "tag": "test",
  "class_names": [
    "soil",
    "vegetation",
    "water"
  ],
  "pixel_accuracy": 0.9603729248046875,
  "mean_iou": 0.9254953910354803,
  "fw_iou": 0.9238155807873162,
  "macro_f1": 0.96129565227589,
  "macro_precision": 0.9533679455795313,
  "macro_recall": 0.9697592951190511,
  "kappa": 0.9267958321595552,
  "per_class": {
    "soil": {
      "IoU": 0.9168066236658458,
      "precision": 0.951956327754419,
      "recall": 0.9612850164614497,
      "support": 801266
    },
    "vegetation": {
      "IoU": 0.9295729913742576,
      "precision": 0.9702439607885578,
      "recall": 0.9568516028136449,
      "support": 890091
    },
    "water": {
      "IoU": 0.9301065580663375,
      "precision": 0.9379035481956172,
      "recall": 0.9911412660820585,
      "support": 78115
    }
  },
  "confusion_matrix": [
    [
      770245,
      26081,
      4940
    ],
    [
      38220,
      851685,
      186
    ],
    [
      653,
      39,
      77423
    ]
  ],
  "confusion_matrix_norm": [
    [
      0.9612850164614497,
      0.03254974003639241,
      0.006165243502157835
    ],
    [
      0.042939429788639585,
      0.9568516028136449,
      0.00020896739771551447
    ],
    [
      0.008359470012161557,
      0.0004992639057799399,
      0.9911412660820585
    ]
  ],
  "water_diagnostics": {
    "class_id": 2,
    "AP": 0.9949959554853731,
    "ROC_AUC": 0.999740659501227
  }
}