class,IoU,precision,recall,support
soil,0.9168066236658458,0.951956327754419,0.9612850164614497,801266
vegetation,0.9295729913742576,0.9702439607885578,0.9568516028136449,890091
water,0.9301065580663375,0.9379035481956172,0.9911412660820585,78115
